{
  "version": "2.1",
  "session_id": "chain_1_mar22_0237",
  "iterations_used": 18,
  "iterations_limit": 20,
  "time_elapsed": 2405.1,
  "time_limit": 28800.0,
  "hard_stop": false,
  "hard_stop_reason": "",
  "phase": "monitoring",
  "alerts": [],
  "hints": [
    "\u0418\u0441\u043f\u043e\u043b\u044c\u0437\u043e\u0432\u0430\u043d\u043e 90% \u0431\u044e\u0434\u0436\u0435\u0442\u0430. \u041e\u0441\u0442\u0430\u043b\u043e\u0441\u044c ~1 \u0438\u0442\u0435\u0440\u0430\u0446\u0438\u0439.",
    "\u041c\u0435\u0442\u0440\u0438\u043a\u0430 \u0441\u0442\u0430\u0431\u0438\u043b\u0438\u0437\u0438\u0440\u043e\u0432\u0430\u043b\u0430\u0441\u044c (\u0438\u0437\u043c\u0435\u043d\u0435\u043d\u0438\u0435 < 0.1%). \u0420\u0430\u0441\u0441\u043c\u043e\u0442\u0440\u0438 \u0437\u0430\u0432\u0435\u0440\u0448\u0435\u043d\u0438\u0435 \u0438\u043b\u0438 \u0441\u043c\u0435\u043d\u0443 \u043f\u043e\u0434\u0445\u043e\u0434\u0430."
  ],
  "software_health": {
    "mlflow_reachable": true,
    "disk_free_gb": 920.77,
    "process_alive": true,
    "last_stdout_age_seconds": 2405.1
  },
  "data_quality": {
    "schema_hash": "",
    "files_modified": false
  },
  "metrics_history": [
    -3.0667950299689557,
    2.880673002730325,
    -42.21550505126147,
    12.832368472016215,
    26.615316422274056,
    16.228761123516193,
    2.717703379123714,
    19.442073095555333,
    16.228761123516193,
    20.272208502940547,
    21.32908797394711,
    23.20114714112268,
    8.15700609949629,
    20.491829647163794,
    17.99599229119254,
    19.14115565108653,
    26.615316422274056
  ],
  "budget_fraction_used": 0.9,
  "warning_triggered": true,
  "convergence_signal": 1.0,
  "runs_per_iteration": 1,
  "timestamp": 1774138671.9236083
}